,numar angajati,capital social,an infiintare,numar produse,domeniu de activitate,tara,clienti,parteneri,venit,venit_prezis
0,97.0,221962.76367465616,1992.0,73.0,Agricultura,Romania,652.0,7.0,614385.1054698625,584134.6365557192
1,96.0,394496.03773213737,1970.0,29.0,Financiar,Germania,130.0,12.0,1123391.394336245,1115770.6902120118
2,129.0,379168.8618664021,1971.0,2.0,IT,Franta,842.0,6.0,2062289.6403197425,1884787.1747210487
3,100.0,217905.17829007265,2000.0,9.0,Financiar,Franta,347.0,10.188308329022243,1040114.8756551116,1082203.3184740325
4,56.0,103389.69458371114,1998.0,62.0,Educatie,Italia,785.0,5.0,695730.435075204,666750.6412268018
5,93.0,213151.9084515925,1990.0,17.0,IT,Franta,804.0,15.0,1633273.1107403028,1586412.102123932
6,100.40596094552927,270572.452888099,1982.0,52.0,Agricultura,Spania,108.0,2.0,453955.08285364805,352744.1144415636
7,93.0,226284.1027530252,1987.0,29.0,IT,Franta,827.0,4.0,1652902.0001841995,1596006.9662568471
8,127.0,383406.82526843215,2014.0,21.0,Agricultura,Romania,846.0,19.0,820562.7301073729,945837.035303843
9,109.0,131800.49024781288,1988.0,29.0,Retail,Germania,524.0,13.0,1184232.4118081627,1157026.767268431
10,100.40596094552927,50060.6118520184,2020.0,77.0,Financiar,Germania,490.0,10.188308329022243,984675.1567853368,1077628.5605590148
11,99.0,289207.468709029,1970.0,81.0,Educatie,Franta,813.0,13.0,1071841.369194782,1131133.5497419154
12,104.0,427631.1777411344,1997.0,73.0,IT,Italia,303.0,16.0,1298368.0599670208,1322301.8613731745
13,103.0,469719.7286597426,2022.0,8.0,Financiar,Italia,754.0,4.0,1447461.388354599,1405358.991152395
14,143.0,417550.7599275362,2007.0,4.0,Financiar,Italia,580.0,16.0,1500369.5927434785,1456940.5704323777
15,109.0,149934.14181199425,1975.0,21.0,IT,Franta,532.0,1.0,1401985.7882666944,1422359.010427795
16,103.0,485629.6154228415,2021.0,12.0,Financiar,Germania,885.0,11.0,1574531.1000298164,1655668.1195529874
17,101.0,215503.6944902688,1998.0,27.0,Educatie,Romania,909.0,14.0,815626.662520621,868224.8110077435
18,96.0,328627.7309146265,2011.0,62.0,Agricultura,Spania,196.0,11.0,506276.2016024357,408772.9519501133
19,76.0,105477.70068452608,1996.0,94.0,Financiar,Germania,170.0,8.0,732984.7076229188,819868.6186282521
20,71.0,87599.4518798104,1997.0,19.0,IT,Germania,869.0,10.0,1203344.5478008438,1480568.5865935828
21,125.0,294955.1994354445,1997.0,47.0,Educatie,Germania,932.0,4.0,1285801.77564433,1322038.6685523177
22,72.0,131353.3177530708,1973.0,6.0,Agricultura,Germania,69.0,9.0,422437.8579417196,360224.98979373183
23,141.0,118421.8553410213,1974.0,93.0,Agricultura,Spania,875.0,11.0,863905.6163500495,962501.9765677929
24,78.0,458168.8821867599,1996.1912908242607,72.0,Agricultura,Spania,284.0,9.0,544794.3081621743,494573.4236149958
25,95.0,275180.51556959056,1988.0,50.11865284974093,Agricultura,Italia,533.8480947476828,6.0,898166.6474734034,700516.6433902052
26,77.0,91562.23765012034,2018.0,53.0,Educatie,Italia,997.0,7.0,852423.6083310649,869531.1766457316
27,98.0,488904.4100655817,1988.0,23.0,Financiar,Franta,461.0,17.0,1390789.226505417,1356138.9358697406
28,105.0,450107.5657730045,2007.0,24.0,Agricultura,Franta,230.0,6.0,706215.9342019624,727161.3817052962
29,94.0,321571.8932195204,1978.0,87.0,Educatie,Spania,466.0,16.0,731398.0871436627,714175.5752954949
30,101.0,348898.72324503574,1994.0,63.0,Agricultura,Italia,851.0,6.0,902351.3871576173,981485.8785292208
31,136.0,446437.8525378458,1987.0,2.0,Retail,Franta,276.0,6.0,1268621.5249795197,1261511.3442596793
32,106.0,171862.84761663765,2015.0,88.0,Financiar,Spania,811.0,4.0,1177506.936045896,1179335.8504673126
33,114.0,125310.66450655145,2009.0,27.0,IT,Romania,619.0,12.0,1113232.9983799136,1198910.0595176357
34,93.0,406667.6659441106,1984.0,60.0,Retail,Italia,643.0,15.0,1238160.7194797597,1220087.504988737
35,98.0,180520.48938309657,1983.0,26.0,Financiar,Italia,938.0,9.0,1410645.9817188154,1372880.2196306412
36,94.0,433017.83094169176,1996.1912908242607,67.0,IT,Italia,862.0,13.0,1727116.0478475224,1662423.5708953012
37,107.0,470187.2403506615,1988.0,1.0,Educatie,Spania,758.0,8.0,970292.6839735776,1051745.2424163872
38,130.0,50294.0258425848,1979.0,54.0,Financiar,Romania,731.0,1.0,1075941.11679768,1104041.0731740405
39,69.0,474665.71676909935,1994.0,71.0,IT,Romania,90.0,19.0,808999.2875768244,908008.0673714995
40,111.0,370943.097477178,1993.0,75.0,Retail,Romania,893.0,6.0,1203565.8584863069,1250843.9954640518
41,94.0,267711.1429372913,1982.0,4.0,Retail,Franta,638.0,1.0,1215014.6914910872,1212817.2177332575
42,118.0,135548.44240267744,1986.0,34.0,Agricultura,Germania,113.0,10.0,590547.1277454994,565991.8405899534
43,104.0,294914.284751164,2019.0,50.11865284974093,IT,Italia,505.0,18.0,1324722.8562760476,1349560.6539407605
44,68.0,462770.6299599563,1982.0,71.0,Financiar,Italia,563.0,3.0,1190101.0913687658,1166472.1572569937
45,91.0,270572.452888099,2020.0,40.0,Educatie,Germania,612.0,6.0,849924.0301333388,920726.9342442041
46,82.0,485841.7992649515,2002.0,17.0,Retail,Franta,997.0,11.0,1726201.3203788842,1541176.4279874265
47,122.0,318583.34459949174,1996.0,35.0,Educatie,Franta,873.0,12.0,1173266.2565907028,1258320.1817328604
48,107.0,429220.3559722497,1997.0,51.0,Educatie,Germania,552.0,14.0,1075548.8242625173,1092499.7410280919
49,106.0,293134.73304267484,1976.0,62.0,Agricultura,Romania,94.0,12.0,458053.89321707,318190.55182909453
50,106.0,361559.4377694864,2013.0,13.0,Retail,Spania,610.0,7.0,1086069.228927861,1099944.707125961
51,86.0,317102.4209204537,1977.0,70.0,IT,Germania,506.0,6.0,1519457.5419664762,1461233.8054670808
52,106.0,288473.2641186048,1976.0,26.0,Financiar,Romania,455.0,19.0,985057.6216770932,1009875.803803358
53,119.0,116286.36992553664,1975.0,98.0,IT,Germania,282.0,18.0,1310700.6884218135,1330064.1468167924
54,143.0,360897.7894478703,1990.0,19.0,Educatie,Italia,999.0,1.0,1236544.80630185,1355573.5442704111
55,96.0,411355.34668684425,2019.0,10.0,Financiar,Italia,313.0,10.188308329022243,1025197.1704157386,1049979.301382015
56,87.0,317681.3207758593,1999.0,35.0,IT,Spania,812.0,2.0,1408837.0896400842,1427586.9498902922
57,79.0,235525.8775242495,1973.0,84.0,IT,Italia,329.0,7.0,1040873.2897718246,1123338.5967343189
58,118.0,117712.52195269888,2019.0,86.0,Educatie,Germania,470.0,14.0,841498.8888302003,842626.0349451895
59,130.0,186774.1305147623,1990.0,19.0,Educatie,Italia,729.0,19.0,974038.0304779717,1029588.1312652717
60,100.0,270572.452888099,2008.0,87.0,IT,Germania,228.0,12.0,1096451.1739976204,1266686.9228625754
61,118.0,158691.5787657568,1985.0,77.0,Financiar,Germania,303.0,10.0,1155419.3366768386,1140105.9425204503
62,71.0,93490.17542948852,1989.0,24.0,Financiar,Italia,742.0,3.0,1044802.336835001,1052163.6683345903
63,96.0,68026.60357281251,1981.0,13.0,Retail,Romania,948.0,14.0,1024815.9621436874,1059844.5354936642
64,110.0,314596.23325872474,1985.0,6.0,Retail,Germania,259.0,5.0,1111820.8359373286,1096413.693495241
65,82.0,428974.4194926715,2011.0,38.0,Agricultura,Franta,335.0,2.0,669746.6981361893,675819.6201731279
66,117.0,108355.5402009059,1992.0,78.0,Educatie,Germania,701.0,19.0,1017673.9903265708,1032990.9273211092
67,85.0,182330.35797955003,2001.0,44.0,Educatie,Romania,535.0,18.0,590098.6610907975,524862.1897944363
68,99.0,345809.06697655784,2021.0,88.0,Retail,Germania,533.8480947476828,14.0,919639.6162603088,1216568.672223013
69,64.0,494789.44728356646,2019.0,85.0,Financiar,Spania,198.0,1.0,779914.4548077501,792077.2937097144
70,152.0,412444.54818499385,2011.0,75.0,Agricultura,Franta,386.0,16.0,920631.1650561969,1008246.9902038784
71,89.0,347456.41441129416,1988.0,11.0,Agricultura,Germania,289.0,11.0,709215.5920703248,708127.5885300182
72,103.0,226896.75840173048,2016.0,76.0,Financiar,Franta,779.0,6.0,1397542.7608494624,1359837.1378125094
73,88.0,133371.65992249566,2023.0,11.0,IT,Spania,615.0,4.0,1062906.6194360591,1150262.8333416416
74,100.40596094552927,194522.96868617908,1988.0,39.0,Retail,Germania,795.0,14.0,1682959.29369639,1348037.6060178075
75,79.0,451651.2023689135,2011.0,72.0,Agricultura,Germania,284.0,10.188308329022243,509460.4809475654,694165.2621361851
76,86.0,494301.27136079565,1984.0,65.0,Retail,Romania,843.0,9.0,1269645.8263845174,1212187.5834738659
77,109.0,387490.00930343184,2004.0,73.0,Educatie,Germania,631.0,16.0,1100288.7058611622,1118341.8606424262
78,101.0,383853.3471314218,2020.0,24.0,Retail,Romania,670.0,13.0,678341.3388525688,1048581.9875297134
79,80.0,270572.452888099,1992.0,24.0,Retail,Spania,783.0,14.0,1148164.994520029,1085443.9619149494
80,100.40596094552927,171676.9788730365,2008.0,42.0,Agricultura,Spania,724.0,8.0,645777.8707041361,684254.9908880845
81,109.0,412999.2738620674,1978.0,90.0,Financiar,Italia,935.0,17.0,1661399.4336124123,1582217.8289658767
82,92.0,171789.77389179455,1983.0,44.0,IT,Germania,57.0,10.188308329022243,924829.2625863842,1085544.5501148948
83,107.0,128591.2336533483,2012.0,64.0,Financiar,Spania,533.8480947476828,10.188308329022243,1068632.7320621442,982249.239498877
84,90.0,199108.49843134265,1978.0,70.0,IT,Italia,704.0,15.0,1410397.6485882082,1408378.0186931486
85,84.0,352572.72948126664,2003.0,50.11865284974093,Financiar,Franta,893.0,17.0,1544298.9564116704,1479072.2178148942
86,121.0,409902.5140006025,1977.0,20.0,Educatie,Romania,514.0,14.0,798256.1313002711,839289.6548513311
87,161.0,475001.86221243656,1992.0,52.0,IT,Romania,975.0,17.0,1887001.3966593272,1896383.185522154
88,113.0,63126.39364036901,1989.0,26.0,IT,Spania,256.0,9.0,896879.2747533047,1012225.8068660458
89,119.0,133987.97290895716,2017.0,29.0,IT,Germania,511.0,8.0,1460537.371554405,1437326.4709430505
90,118.0,183169.41324647728,1995.0,59.0,Retail,Italia,934.0,10.0,1486032.1423322523,1352090.8975408035
91,136.0,202137.9842148176,2020.0,83.0,Educatie,Italia,523.0,12.0,850574.5114760016,867137.5637820584
92,111.0,368474.60762038734,1984.0,85.0,Educatie,Romania,218.0,19.0,617613.5734291744,559044.8275786096
93,106.0,210704.52168522627,2003.0,32.0,Educatie,Franta,333.0,3.0,719377.1451858574,729192.1452239763
94,99.0,263790.44279004564,1986.0,73.0,Agricultura,Spania,691.0,2.0,717547.7948276201,732075.9218896579
95,105.0,82020.05549505938,1996.0,62.0,Agricultura,Romania,594.0,15.0,557608.0221980237,493516.6474721413
96,122.0,226728.8344721373,2004.0,43.0,Financiar,Germania,513.0,16.0,1406613.2393696448,1334529.8781550548
97,151.0,197057.6176359998,2007.0,58.0,Financiar,Germania,287.0,15.0,946437.4514634,1274197.541365347
98,83.0,470494.8674390487,1971.0,78.0,Retail,Franta,447.0,5.0,1196125.996602458,1182813.1967660468
99,109.0,309017.0428880369,2003.0,76.0,Financiar,Italia,962.0,13.0,1556113.2934526687,1495003.028175349
100,112.0,130710.20463015843,1989.0,58.0,Financiar,Germania,788.0,11.0,1533086.286213444,1425950.1940877915
101,86.0,414060.6381312544,1982.0,2.0,Financiar,Franta,635.0,13.0,1417116.23922091,1379031.6028284368
102,64.0,55138.09255433313,2023.0,57.0,Retail,Romania,861.0,8.0,792082.8555325998,790231.5139848564
103,100.40596094552927,351991.9206886892,1993.0,96.0,Retail,Spania,546.0,13.0,1032234.6676545348,1051198.5574381708
104,117.0,138616.5670040428,1987.0,38.0,Financiar,Italia,781.0,14.0,1345980.9222631534,1318265.042822481
105,123.0,331076.32165153924,2008.0,42.0,IT,Franta,497.0,10.188308329022243,1573724.413610251,1546895.8724264405
106,84.0,270572.452888099,1996.0,31.0,Educatie,Germania,98.0,18.0,686698.9464094054,591684.111208711
107,100.40596094552927,284656.8374246624,1998.0,67.0,Agricultura,Germania,52.0,19.0,660047.828957811,544975.1623404995
108,98.0,181572.3996854869,1973.0,99.0,Retail,Spania,565.0,5.0,956057.7837924212,953414.7108992243
109,50.0,229565.8929390956,1996.0,7.0,Retail,Italia,918.0,15.0,1197741.3964924945,1101955.9818325976
110,88.0,397764.3079806519,2006.0,92.0,Financiar,Romania,138.0,17.0,738246.8001874238,741888.8523133649
111,110.0,68116.10135415444,1978.0,73.0,Educatie,Spania,421.0,17.0,632172.4701703065,584751.9578341399
112,90.0,138388.64714240783,1994.0,14.0,IT,Italia,581.0,19.0,1223449.782428167,1276915.9042152017
113,126.0,456081.4742498037,2022.0,84.0,Educatie,Germania,349.0,4.0,992301.3287773764,999448.5451708189
114,114.0,80921.15497578244,2022.0,15.0,Retail,Germania,695.0,16.0,1258253.770179657,1223555.884113613
115,57.0,315787.025297587,1976.0,21.0,IT,Franta,200.0,1.0,933842.3496651476,1088628.8177713961
116,97.0,229039.56635784224,1972.0,72.0,Financiar,Franta,570.0,7.0,1268378.4335723766,1252065.37192149
117,86.0,261098.2449714104,1997.0,44.0,Educatie,Italia,865.0,15.0,933173.0522845616,970265.7463148925
118,117.0,107540.0605500879,1991.0,49.0,Financiar,Germania,100.0,18.0,922321.45510058,971827.501829586
119,80.0,210468.2791937925,1985.0,43.0,Agricultura,Spania,309.0,13.0,486406.04284526873,379255.7369803202
120,108.0,229007.04841809417,1997.0,29.0,Educatie,Germania,109.0,1.0,657724.4405033994,643902.7629104664
121,75.0,233062.1604282756,2009.0,80.0,Retail,Spania,574.0,10.0,863981.0258826619,862245.1587930981
122,78.0,142001.76760892288,2012.0,83.0,Educatie,Italia,422.0,14.0,586440.9545088183,530121.0557375846
123,130.0,100986.57712735888,1985.0,50.0,Retail,Franta,547.0,6.0,1185589.5301593398,1187939.5149897574
124,136.0,320699.2456849208,2010.0,88.0,Financiar,Spania,734.0,6.0,1367579.9606647186,1360303.9573327508
125,100.40596094552927,199387.17713113045,2004.0,82.0,Retail,Franta,358.0,18.0,870001.9981622817,991821.6215763185
126,97.0,188049.4697849636,2001.0,52.0,Retail,Germania,593.0,6.0,1195361.554619369,1161140.8390321017
127,111.0,368328.6500148175,1981.0,97.0,Retail,Spania,689.0,18.0,1219236.9090097796,1226662.130117827
128,106.0,417833.5312877493,1989.0,51.0,Financiar,Italia,533.8480947476828,8.0,1495130.1544044446,1276262.2506095043
129,104.0,270572.452888099,1981.0,27.0,Retail,Franta,758.0,17.0,1290847.0126330508,1361521.1791464528
130,97.0,423780.2421943061,2015.0,53.0,Financiar,Germania,628.0,9.0,1521320.0203968186,1413756.016918595
131,115.0,480524.1952502074,1971.0,88.0,Educatie,Spania,938.0,16.0,1113019.476648853,1237966.4599394929
132,110.0,225232.22254049388,1987.0,41.0,Retail,Romania,182.0,18.0,707539.3335242963,695650.3175464354
133,81.0,97657.61198169092,1999.0,34.0,Retail,Franta,699.0,3.0,1045712.937345719,1064767.9638288259
134,101.0,146710.6866663781,2020.0,97.0,Agricultura,Germania,664.0,13.0,755409.5570665167,831643.0432137828
135,108.0,456085.86497874657,1974.0,96.0,Retail,Germania,976.0,18.0,1863192.126582147,1694112.2467652662
136,84.0,387436.96907972096,2022.0,69.0,Agricultura,Romania,273.0,14.0,479374.7876318884,354866.268352655
137,108.0,411874.5042427479,1993.0,22.0,Agricultura,Romania,628.0,2.0,702349.8016970991,737247.3820280954
138,103.0,104201.30299845444,2021.0,1.0,Educatie,Franta,150.0,6.0,521937.7622540958,506633.9710159553
139,87.0,265337.76646378514,2009.0,88.0,Educatie,Franta,142.0,14.0,578762.5933813144,558740.5777918256
140,111.0,325323.9590464496,1975.0,30.0,Agricultura,Romania,57.0,13.0,469729.58361857984,342038.9724269076
141,125.0,270572.452888099,1970.0,45.0,Agricultura,Romania,658.0,13.0,655924.6629309166,778105.4055088761
142,80.0,336998.3638305162,2008.0,58.0,Educatie,Romania,613.0,13.0,670499.2637237323,641658.9501616368
143,130.0,235036.18309756368,2023.0,55.0,Agricultura,Germania,974.0,7.0,802814.4732390256,1214543.7999838567
144,101.0,320410.40254658874,2008.0,50.11865284974093,Financiar,Spania,949.0,15.0,1386678.437820811,1382276.0730571803
145,112.0,119672.87566897394,1996.1912908242607,90.0,Agricultura,Spania,541.0,15.0,617176.0652943486,593175.7644293876
146,151.0,137238.3805716017,2005.0,63.0,Retail,Franta,868.0,1.0,1904407.421057312,1483356.234440527
147,98.0,206383.4578911896,1982.0,70.0,Financiar,Spania,63.0,14.0,694539.1723922006,719084.6629996933
148,86.0,429642.3488233207,2003.0,54.0,Retail,Franta,795.0,16.0,1416981.03208219,1384629.330081909
149,115.0,382368.8561595488,2003.0,63.0,Financiar,Franta,474.0,14.0,1367521.6834548188,1336050.6130660027
150,86.0,470628.46196973545,1972.0,52.0,IT,Romania,382.0,2.0,1108971.3464773018,1179112.9432088183
151,104.0,448742.0458909437,2023.0,68.0,Educatie,Franta,371.0,13.0,862139.0968462022,890737.3716058051
152,114.0,270993.0782224243,1978.0,45.0,Financiar,Germania,627.0,17.0,1556093.701182406,1442911.061428903
153,80.0,77813.80731015018,1991.0,67.0,Agricultura,Spania,449.0,19.0,489638.07521646615,385112.2745185278
154,88.0,277681.0584807192,1993.0,50.11865284974093,Retail,Franta,356.0,12.0,974751.2256149608,999581.3555580908
155,130.0,220592.32190237127,2020.0,58.0,IT,Germania,971.0,13.0,1656263.6655694563,1854685.7853040053
156,106.0,461546.89873185154,1984.0,72.0,Retail,Italia,292.0,5.0,1066713.767086933,1054362.8297617096
157,81.0,326137.0563452227,1996.0,36.0,Financiar,Spania,280.0,16.0,845227.9952868344,865410.8387786401
158,145.0,420342.71226879535,1986.0,36.0,Retail,Franta,84.0,10.0,1148427.3155696604,1154001.986959055
159,100.0,362039.95762533904,2006.0,68.0,Financiar,Spania,648.0,6.0,1186928.5697021177,1186909.792904086
160,124.0,373432.8280340886,1985.0,30.0,Agricultura,Italia,459.0,18.0,812367.7574563625,860679.9253627397
161,99.0,64017.09175702598,1990.0,17.0,Retail,Spania,132.0,17.0,590051.2805596371,591413.44318963
162,98.0,432656.60050395294,1997.0,18.0,IT,Italia,788.0,9.0,1694390.9404535575,1627237.6250678096
163,120.0,367810.773149868,2018.0,63.0,Retail,Spania,177.0,9.0,855895.1102789128,857709.1298038119
164,104.0,60775.819371717575,1982.0,89.0,Retail,Germania,926.0,4.0,1432011.688272243,1349120.666356517
165,88.0,363723.6614620912,1984.0,9.0,Educatie,Germania,430.0,10.0,896945.9067211173,902248.4280555202
166,107.0,230657.80059006947,1972.0,83.0,IT,Romania,533.8480947476828,10.0,1450993.350442552,1218971.4148853184
167,88.0,146613.14935850995,1983.0,51.0,Financiar,Germania,826.0,1.0,1443817.965916244,1355454.230987985
168,122.0,77991.45177411624,1984.0,41.0,Retail,Spania,347.0,12.0,833574.3581709167,839906.9327678641
169,96.0,129719.0854501815,1996.1912908242607,68.0,Agricultura,Romania,196.0,5.0,396687.63418007264,199881.76561564207
170,122.0,61237.24795267232,1985.0,63.0,Retail,Germania,447.0,12.0,1129159.2882802445,1109729.7008936906
171,125.0,209422.09724774703,1976.0,73.0,Retail,Germania,882.0,15.0,1654314.5616881074,1532299.2372774826
172,64.0,167599.8580484227,1976.0,72.0,Retail,Romania,319.0,4.0,585959.9148290536,547511.789720611
173,99.0,481905.9591821826,2020.0,93.0,Retail,Germania,906.0,6.0,1823554.422855786,1549009.3335790513
174,77.0,413181.9067400164,2013.0,18.0,Educatie,Spania,257.0,10.0,582210.0438363082,516439.3589365501
175,101.0,120565.71739256255,1976.0,44.0,Educatie,Spania,773.0,9.0,799705.0301093186,815840.0267123943
176,107.0,329213.20327338675,1980.0,63.0,Retail,Romania,741.0,19.0,736085.2813093547,1141180.2217722235
177,70.0,242806.056731958,2005.0,30.0,Agricultura,Romania,131.0,15.0,345522.4226927832,131668.93182810256
178,99.0,393036.181025432,1979.0,6.0,Financiar,Spania,574.0,19.0,1209090.869433184,1215431.2444380252
179,103.0,432481.6987264424,1985.0,8.0,Retail,Italia,76.0,16.0,891706.8230830386,899153.6128906508
180,103.0,260011.90439798377,2021.0,90.0,Educatie,Romania,780.0,13.0,761405.3569790927,779430.0136702713
181,121.0,137738.83995513016,2011.0,67.0,Agricultura,Franta,83.0,5.0,512064.1967766677,473653.7831783171
182,95.0,86047.57697432101,1976.0,54.0,Financiar,Franta,135.0,17.0,779975.2025433013,864776.5527947943
183,104.0,348585.6172610535,2006.0,57.0,Agricultura,Germania,847.0,2.0,1042487.94566619,1108947.5515305465
184,90.0,84637.25122139334,2011.0,69.0,Financiar,Romania,367.0,10.188308329022243,679664.2132939057,683804.5889011133
185,89.0,141942.37252953663,1997.0,5.0,Educatie,Romania,452.0,19.0,549874.0676382914,469595.75410191016
186,116.0,86708.71652511467,1991.0,46.0,Retail,Italia,142.0,7.0,724830.2758980824,741719.152700565
187,122.0,293618.4894083472,1999.0,2.0,Educatie,Germania,109.0,7.0,756389.6483272588,755364.5233842237
188,102.0,389240.63721946086,1996.1912908242607,72.0,Retail,Franta,898.0,18.0,1951209.6212889743,1504141.882115427
189,97.0,379850.0482501805,2001.0,87.0,Financiar,Germania,71.0,10.0,1001773.543907664,1020011.6248792475
190,117.0,333611.2487552711,2006.0,11.0,Educatie,Franta,185.0,1.0,737457.5805218336,751562.5988944364
191,128.0,54067.31108568148,1973.0,27.0,Financiar,Spania,444.0,16.0,1002478.1274262622,1022335.8217681267
192,114.0,330239.0314579285,1996.0,78.0,Educatie,Franta,439.0,11.0,896944.8334028882,929983.5724888132
193,104.0,144133.45943356754,1982.0,81.0,Financiar,Romania,784.0,6.0,1072586.748631819,1094964.6060374891
194,64.0,273512.9402680759,2009.0,1.0,Retail,Franta,760.0,18.0,1448375.1167613743,1167344.61965146
195,86.0,296986.3992848102,1975.0,1.0,Retail,Franta,460.0,4.0,1077169.391442152,1091643.736684308
196,79.0,126818.76349061608,2022.0,51.0,Educatie,Franta,982.0,11.0,942328.9766420104,989212.76757621
197,88.0,196987.6622416599,1992.0,48.0,Financiar,Germania,779.0,16.0,1457808.7726399107,1369213.0385069575
198,112.0,243024.95004356487,1973.0,25.0,Financiar,Romania,362.0,10.188308329022243,922366.2175283172,931426.5641496044
199,95.0,62533.50836948348,2021.0,34.0,Retail,Germania,169.0,7.0,691768.1470303661,758507.2655215347
200,93.0,94290.88509561591,1992.0,30.0,Financiar,Italia,179.0,6.0,709246.8903745803,760595.8881879542
201,67.0,318950.7272162164,1976.0,50.11865284974093,IT,Romania,951.0,16.0,1351463.0454121623,1403915.4017183746
202,106.0,402439.2859843817,2007.0,93.0,Retail,Romania,209.0,2.0,965579.4644882862,758337.727685285
203,106.0,332791.9054765642,1984.0,68.0,IT,Italia,646.0,4.0,1534312.7149289076,1499848.977524425
204,106.0,201024.70442142923,2019.0,72.0,Agricultura,Romania,909.0,17.0,716809.8817685717,764104.8549865026
205,103.0,158889.70864267042,1998.0,19.0,Financiar,Italia,746.0,1.0,1231533.972741283,1217654.2887425951
206,97.0,235086.78742980407,2020.0,90.0,Financiar,Germania,510.0,13.0,1240408.9765611216,1202976.1596715406
207,93.0,149200.70191043854,1988.0,22.0,Financiar,Spania,750.0,16.0,1117688.5018659637,1129988.3230161108
208,65.0,114350.50519957687,2011.0,63.0,Agricultura,Franta,689.0,17.0,652782.26270378,657258.3682714512
209,71.0,457749.9509596237,2000.0,45.0,Retail,Franta,698.0,7.0,1283684.9617485064,1265675.3282141634
210,143.0,270572.452888099,1970.0,23.0,Retail,Franta,717.0,19.0,1723740.027611221,1513616.490097776
211,76.0,51718.9651963624,2013.0,50.11865284974093,Agricultura,Germania,71.0,8.0,346482.62050996296,267088.8925806391
212,87.0,70210.08454802714,2011.0,11.0,Agricultura,Italia,290.0,10.188308329022243,454180.84058305307,346613.4477365059
213,83.0,270572.452888099,2017.0,97.0,Educatie,Germania,450.0,16.0,940021.4600934568,789296.1406431173
214,120.0,334138.5145482694,1981.0,71.0,Educatie,Germania,999.0,16.0,1369077.2641654096,1409126.9097851687
215,94.0,393661.52120764425,2014.0,85.0,Retail,Italia,214.0,8.0,870956.2952695037,870790.4249449738
216,75.0,304601.6996784484,2023.0,48.0,Retail,Romania,989.0,12.0,1062961.019807069,1096663.9686194053
217,100.40596094552927,50005.23563991476,1973.0,72.0,IT,Romania,85.0,7.0,635253.926729936,760733.9785560605
218,131.0,435441.7506865671,1996.1912908242607,68.0,Educatie,Franta,527.0,2.0,1029858.4241516418,1117729.8926833004
219,75.0,382490.0047098647,1990.0,33.0,Educatie,Spania,725.0,15.0,820457.5523313832,842024.4094201643
220,88.0,269823.03469695745,2021.0,79.0,Financiar,Italia,170.0,9.0,775181.9670636267,811978.0952115639
221,82.0,330086.1387046985,1996.1912908242607,53.0,Educatie,Romania,533.8480947476828,9.0,707438.7624171143,600896.3244295509
222,122.0,270572.452888099,1993.0,32.0,Retail,Spania,111.0,4.0,495750.9795189473,784336.5902077255
223,95.0,397747.1388492856,2004.0,34.0,Retail,Germania,267.0,6.0,1172759.89635285,1068546.532274333
224,117.0,321961.693871647,1989.0,50.0,Retail,Romania,533.8480947476828,2.0,754177.0163229882,1000387.0542776331
225,152.0,299062.29929443245,2011.0,97.0,Educatie,Franta,528.0,4.0,1038411.445087243,1095670.874147126
226,114.0,155738.03224817873,1997.0,28.0,Agricultura,Spania,719.0,7.0,716644.7341891987,741076.0816412594
227,71.0,244728.11120886708,2018.0,25.0,Financiar,Spania,964.0,6.0,1187420.59951434,1193557.521517249
228,106.0,106497.40545431468,2007.0,59.0,Educatie,Germania,320.0,10.0,704653.3654362182,695405.1158734136
229,123.0,183451.9604926688,2011.0,20.0,IT,Italia,207.0,3.0,1046206.7644434016,1141927.350612265
230,121.0,61339.59266948134,2008.0,52.0,Retail,Spania,391.0,6.0,808064.1311618579,813270.9123989895
231,146.0,275271.6070196184,2016.0,14.0,Retail,Germania,755.0,13.0,1638228.1498964794,1530135.9585854076
232,93.0,414465.9891363047,1976.0,31.0,Educatie,Germania,295.0,19.0,884183.5731558719,886313.587740523
233,124.0,242368.9043406206,1998.0,15.0,Retail,Spania,234.0,4.0,846363.4768648096,853479.6879634338
234,101.0,247935.0378712257,1994.0,95.0,Agricultura,Spania,936.0,11.0,824531.4166633394,897940.0363035069
235,90.0,397005.26713334897,1973.0,28.0,Educatie,Italia,530.0,16.0,865622.8442520085,883206.3132941378
236,102.0,217160.26818096955,2018.0,56.0,Agricultura,Germania,695.0,2.0,863609.7501813429,894338.8831107339
237,111.0,152993.95811757454,2011.0,8.0,Educatie,Germania,824.0,10.0,1065326.193614072,1091999.6119442692
238,76.0,293133.43930563825,1994.0,4.0,Financiar,Romania,432.0,8.0,818436.7355486648,834992.5829627845
239,123.0,91681.46737311524,1976.0,74.0,Educatie,Franta,925.0,16.0,1102538.6584132726,1173846.8121057604
240,100.0,444807.7039097774,1991.0,36.0,Retail,Italia,391.0,5.0,1089941.5468150396,1081284.3166322317
241,135.0,70248.56955594097,1975.0,66.0,Financiar,Romania,757.0,14.0,1147411.5702113616,1179749.2317314274
242,100.40596094552927,233668.2608900141,2020.0,62.0,Retail,Spania,533.8480947476828,15.0,530475.7891405569,937050.9315797763
243,72.0,473761.39399611374,1976.0,50.0,Agricultura,Germania,366.0,17.0,786106.3806378236,793708.8111163036
244,92.0,87857.44801672228,1979.0,53.0,Agricultura,Germania,654.0,2.0,667131.5750480267,788892.544305589
245,106.0,355015.9401395199,2014.0,66.0,Financiar,Franta,413.0,13.0,1226953.4694178945,1222808.643459252
246,94.0,134475.08256151344,1977.0,65.0,Agricultura,Italia,736.0,5.0,739428.0396295264,751154.3824217138
247,109.0,384022.12651352905,1976.0,93.0,Retail,Italia,615.0,7.0,1270815.931089741,1246165.637926603
248,125.0,363270.2653120664,1982.0,67.0,Educatie,Germania,916.0,16.0,1352780.2671466016,1391972.370098731
249,99.0,231443.4902599635,1990.0,14.0,Financiar,Germania,999.0,8.0,1738503.576136567,1582236.6111470526
250,113.0,311314.58804942825,2011.0,64.0,Financiar,Germania,383.0,3.0,1279746.2751249797,1232889.130083231
251,102.0,270572.452888099,2002.0,12.0,Retail,Germania,212.0,2.0,1123254.374763315,974627.2968110559
252,119.0,318609.81074599526,2003.0,29.0,Retail,Franta,431.0,6.0,1185295.6523818765,1187520.4661391359
253,122.0,338780.4787843512,1995.0,57.0,Educatie,Romania,519.0,14.0,755001.215452958,771920.9450628972
254,83.0,294889.398126666,2020.0,86.0,IT,Spania,526.0,15.0,1121083.7534544994,1187886.3053790852
255,90.0,443332.2979873333,1977.0,80.0,IT,Romania,676.0,4.0,1322499.2234905,1371258.1567204886
256,100.0,161769.3171664101,1993.0,50.11865284974093,Agricultura,Germania,498.0,6.0,748030.8176131897,753760.0175005379
257,109.0,467199.78298629227,1982.0,95.0,Agricultura,Germania,492.0,8.0,960511.8784723236,1001965.96023592
258,131.0,270572.452888099,2013.0,92.0,IT,Spania,563.0,16.0,1563539.4231904848,1406525.6944297026
259,71.0,326286.6378463547,2005.0,69.0,Retail,Germania,598.0,19.0,1114063.5775201567,1161337.9479512023
260,101.0,90180.2860365078,1989.0,73.0,Financiar,Franta,190.0,13.0,831632.3417008492,904785.8047117312
261,144.0,296864.7867746098,1986.0,78.0,Agricultura,Germania,353.0,6.0,898164.2805937815,933471.1667095858
262,99.0,105314.3053094244,1980.0,17.0,Financiar,Italia,223.0,6.0,798965.158141351,839857.5645332427
263,89.0,76974.48538758873,2015.0,66.0,IT,Germania,513.0,10.0,1222173.2096569682,1276897.7107695676
264,112.0,427203.68948681024,1985.0,80.0,Financiar,Spania,622.0,9.0,1300730.6379830695,1292516.1382546215
265,51.0,303763.8050400307,1981.0,63.0,Retail,Franta,781.0,18.0,1181515.7679312238,1175688.2117364444
266,129.0,66906.99067950832,1975.0,24.0,Agricultura,Spania,936.0,13.0,837279.0758989837,930298.4624174971
267,83.0,283082.23747066053,1996.1912908242607,89.0,Retail,Romania,911.0,4.0,1306561.6781029955,1079123.1708365923
268,121.0,270572.452888099,2021.0,92.0,Agricultura,Spania,356.0,11.0,644757.7985161406,566778.9791679848
269,105.0,306894.8375777643,2021.0,13.0,Financiar,Germania,729.0,17.0,1554184.3021957658,1447938.549352381
270,123.0,52870.569532965805,2011.0,99.0,Financiar,Italia,57.0,10.188308329022243,711259.0442357133,748418.9459629313
271,96.0,297739.2562683015,1994.0,79.0,IT,Romania,667.0,7.0,1212554.442201226,1276304.7819548096
272,110.0,231620.45106271605,1992.0,38.0,Retail,Italia,261.0,3.0,881726.7247651556,887779.4009955807
273,100.40596094552927,249846.6006079784,2018.0,39.0,Retail,Germania,840.0,3.0,1622751.1445107015,1360056.6525486691
274,101.0,331556.8605176087,2005.0,69.0,Agricultura,Franta,678.0,8.0,869209.5674691567,937069.8156905072
275,110.0,128484.17020017478,2017.0,10.0,Financiar,Spania,864.0,6.0,1201546.181693125,1213555.6395873274
276,113.0,421134.4568061534,2000.0,27.0,Financiar,Franta,229.0,4.0,1171283.6160011997,1179234.8875620677
277,94.0,246947.59766669155,1985.0,46.0,Retail,Germania,559.0,4.0,1224675.9820400209,1182734.0557025848
278,151.0,310013.17261298816,1991.0,56.0,IT,Spania,806.0,11.0,1742410.8674057156,1706490.9686735938
279,90.0,288346.87577552896,1984.0,90.0,Financiar,Romania,284.0,16.0,797125.469254094,803717.5703060816
280,75.0,317201.2843745535,1987.0,42.0,Educatie,Italia,954.0,4.0,974808.6935622588,1018339.3366928073
281,111.0,137045.90433041716,1999.0,91.0,Retail,Italia,106.0,8.0,703473.0511179004,715582.418759899
282,66.0,416356.5585160228,1995.0,6.0,IT,Romania,843.0,7.0,1297017.418887017,1358153.8468626624
283,90.0,104174.41045509004,1993.0,12.0,IT,Franta,224.0,19.0,945920.0501937128,1109045.5248916955
284,119.0,80802.70365470755,1994.0,27.0,IT,Romania,100.0,11.0,734102.0277410307,853906.0478623996
285,119.0,174276.30101940478,1994.0,35.0,Educatie,Franta,136.0,9.0,646001.6360963518,645259.7134628508
286,116.0,404397.0886364506,1998.0,76.0,Retail,Spania,533.8480947476828,7.0,1040422.0785000576,1129467.6999499628
287,122.0,209627.85052859568,2015.0,83.0,Financiar,Italia,621.0,9.0,1248489.723412305,1228087.7521070444
288,131.0,451342.4651648306,1972.0,14.0,Financiar,Germania,150.0,14.0,1384421.643299996,1315395.1740166785
289,123.0,397913.8432634022,1973.0,50.11865284974093,Retail,Germania,294.0,15.0,1313687.6283412576,1255260.8576084997
290,124.0,412571.5365506981,1997.0,61.0,IT,Germania,349.0,6.0,1652250.113378233,1551532.03632699
291,118.0,270572.452888099,2000.0,19.0,Financiar,Germania,456.0,6.0,1216268.981379132,1300704.664985984
292,88.0,412541.9624135039,1994.0,35.0,Agricultura,Germania,440.0,17.0,826863.4989515621,848912.1794486982
293,117.0,281507.5974829524,1996.1912908242607,64.0,Agricultura,Franta,214.0,4.0,673663.9506911353,659707.2852365512
294,90.0,80806.42370011013,1990.0,24.0,Agricultura,Romania,74.0,16.0,318722.56948004407,89741.4312472716
295,113.0,270572.452888099,2011.0,79.0,Retail,Franta,649.0,2.0,1252271.5806088366,1256481.8706506072
296,85.0,284076.451539838,1971.0,5.0,IT,Franta,680.0,2.0,1546424.540251342,1521262.3732635737
297,91.0,77650.83055885437,2004.0,96.0,Retail,Romania,93.0,3.0,458790.49833531264,405683.64102099347
298,104.0,277563.53470161825,2002.0,10.0,Financiar,Italia,923.0,15.0,1482439.5570672622,1439304.655394195
299,113.0,61337.036281653214,1985.0,45.0,Retail,Spania,689.0,17.0,1102770.9809413822,1030514.7891105821
300,91.0,427321.3252293612,1973.0,68.0,Educatie,Romania,864.0,4.0,877194.5963532126,948089.6707313873
301,101.0,219793.1242834368,1980.0,15.0,Retail,Spania,724.0,18.0,1106023.4620270682,1121553.911792253
302,84.0,353955.2204013915,1984.0,80.0,Retail,Italia,207.0,11.0,841647.7586890017,841580.5306287971
303,87.0,62893.59240994453,2003.0,28.0,Financiar,Italia,538.0,2.0,913297.0020797568,939411.1055100588
304,103.0,113146.03318708176,1977.0,54.0,Financiar,Italia,425.0,17.0,1003193.9058859238,1015795.4187032646
305,90.0,121431.54351843928,1970.0,72.0,Financiar,Germania,938.0,18.0,1588342.7046017798,1463870.9273139664
306,98.0,425557.3056150325,1999.0,6.0,Retail,Romania,906.0,8.0,1192534.3833690195,1245996.4848112501
307,96.0,354120.3162968331,1978.0,56.0,Retail,Germania,436.0,18.0,1256741.0656893398,1208062.2600040508
308,114.0,316778.0812286496,2016.0,61.0,Financiar,Romania,358.0,10.0,907905.7527986224,926398.1735516926
309,87.0,211016.337851097,1999.0,27.0,IT,Germania,533.8480947476828,11.0,1077317.154743652,1398850.598463697
310,99.0,143393.42129256658,1973.0,29.0,Educatie,Romania,650.0,14.0,683727.0395816551,667031.3266859353
311,163.0,220990.5855344276,1996.0,98.0,Agricultura,Romania,450.0,15.0,694796.2342137711,724822.8373207722
312,144.0,270572.452888099,2008.0,85.0,Retail,Franta,126.0,3.0,1041278.4458758176,1033664.645188157
313,91.0,270572.452888099,1987.0,22.0,Agricultura,Franta,473.0,19.0,678003.5471841525,761118.2382588161
314,107.0,256245.6175644089,1998.0,77.0,Agricultura,Germania,195.0,14.0,658137.545836069,641957.816327739
315,88.0,319570.0642176717,2000.0,33.0,Agricultura,Franta,691.0,9.0,835416.4333931893,896270.1639814561
316,97.0,166366.21601065283,1982.0,55.0,Educatie,Germania,618.0,8.0,925070.7160867114,930232.5039760009
317,110.0,203431.35714600125,2008.0,26.0,Retail,Spania,304.0,9.0,804824.6957163608,810649.9887704302
318,90.0,307223.4422673247,2023.0,60.0,Retail,Germania,151.0,17.0,808254.2849685134,898053.0123897272
319,72.0,286461.63831015193,1982.0,77.0,Educatie,Spania,348.0,17.0,587298.5109635253,516472.29528167984
320,70.0,298625.4353335501,1976.0,18.0,Educatie,Germania,533.8480947476828,13.0,522281.4459000975,868550.1194703027
321,90.0,59420.35302202997,2001.0,55.0,Retail,Germania,177.0,9.0,707633.096538505,767114.0470760621
322,95.0,340906.4337370687,1976.0,18.0,Agricultura,Franta,861.0,19.0,992111.3455432758,1103626.2514839957
323,112.0,158179.51080207812,1976.0,29.0,Educatie,Romania,582.0,7.0,685880.7798609352,669891.4427016424
324,104.0,353297.3936655787,2001.0,85.0,Retail,Germania,669.0,15.0,1448409.810679086,1361981.502263539
325,91.0,245309.43771894148,1994.0,99.0,Retail,Germania,539.0,14.0,1193059.9276839106,1153004.102265151
326,141.0,143741.92550383307,2012.0,30.0,Retail,Franta,454.0,7.0,1157318.70189299,1168364.2303473502
327,75.0,342195.0460595968,1983.0,86.0,Educatie,Franta,856.0,17.0,1033224.1019448644,1084795.4463672517
328,91.0,270572.452888099,2007.0,18.0,Retail,Germania,436.0,8.0,1001393.0686642384,1083752.0990743134
329,103.0,207734.2404287728,1989.0,89.0,Retail,Franta,356.0,2.0,981032.7075344428,1000142.5234139911
330,65.0,73250.9247460825,1986.0,50.11865284974093,Retail,Spania,342.0,5.0,589545.6103324145,581413.3876276619
331,112.0,412290.6433230482,1986.0,71.0,Financiar,Franta,656.0,12.0,1556735.593607976,1485136.520111539
332,79.0,106679.83837071122,1990.0,98.0,IT,Franta,853.0,13.0,1491437.8424114436,1477438.1499967068
333,100.0,439743.0351252612,1995.0,6.0,IT,Spania,592.0,18.0,1425388.003978341,1446654.3700717068
334,104.0,199485.96490202207,1999.0,67.0,Retail,Franta,805.0,10.0,1326379.052623577,1307351.3214070336
335,78.0,298564.7620177554,1971.0,70.0,Retail,Spania,951.0,5.0,908604.557198789,1217312.0029305862
336,100.0,348371.23631154007,2011.0,52.0,Retail,Franta,520.0,7.0,1178089.564323001,1177360.9796659914
337,114.0,481005.4104446917,2010.0,96.0,Agricultura,Italia,135.0,10.188308329022243,648962.5970134521,617407.0651991561
338,148.0,298021.9828623674,2019.0,11.0,Retail,Franta,408.0,8.0,1265177.1466326464,1263812.793033854
339,110.0,389810.1278503382,2015.0,17.0,Agricultura,Italia,224.0,16.0,636388.8613681623,613277.0978174158
340,60.0,369247.4890852887,1987.0,44.0,Financiar,Spania,204.0,15.0,743061.9546959816,763794.3797564942
341,83.0,303833.312975083,2015.0,39.0,IT,Spania,919.0,16.0,1462587.4832044437,1475559.7105784672
342,107.0,310261.89340244303,1979.0,5.0,Agricultura,Italia,103.0,8.0,558365.7088331727,500364.4876930113
343,79.0,215756.24620745808,2005.0,55.0,Financiar,Spania,298.0,14.0,754865.7160383326,778910.7943885769
344,128.0,480911.4567877178,1984.0,50.11865284974093,Financiar,Spania,211.0,6.0,1111046.6916032184,1115024.8930764024
345,96.0,378022.6400473208,2010.0,96.0,IT,Spania,308.0,4.0,1072518.6780390395,1143092.4947755646
346,106.0,241352.68344696227,2009.0,66.0,Financiar,Romania,965.0,5.0,1224829.2442405256,1257204.1788563444
347,90.0,122656.02532890804,2008.0,18.0,Agricultura,Germania,533.8480947476828,2.0,446127.3741841884,689145.9283394716
348,77.0,450461.0193632881,1988.0,17.0,Financiar,Romania,965.0,5.0,1274949.6625861372,1308561.21588877
349,68.0,487884.55906053423,1981.0,70.0,Financiar,Italia,874.0,3.0,1453829.9560672168,1396595.186241255
350,116.0,256098.09155160715,2013.0,13.0,Financiar,Italia,163.0,6.0,897856.5114102535,928429.6170050036
351,67.0,139546.46253174654,1984.0,36.0,Retail,Germania,828.0,19.0,1251219.028526667,1208144.2182378345
352,109.0,308277.4397310547,2023.0,65.0,Educatie,Romania,761.0,2.0,779074.8478789746,806988.6371546162
353,94.0,480934.2408226646,1986.0,77.0,Retail,Spania,812.0,10.188308329022243,1295536.5989429583,1298595.5819194308
354,71.0,227808.9084251765,1975.0,20.0,Agricultura,Spania,224.0,9.0,438155.9197070777,304785.14287292
355,107.0,349908.3713870761,2011.0,76.0,Retail,Franta,50.0,4.0,630576.3972614395,879454.7562708757
356,104.0,419219.4130161237,2020.0,15.0,Retail,Franta,179.0,11.0,978291.1421525764,1008067.675468877
357,104.0,458608.3454397481,1990.0,71.0,IT,Germania,832.0,9.0,2102738.7627117354,1840530.2538455003
358,87.0,321587.9629255044,1978.0,33.0,Financiar,Germania,280.0,18.0,1140765.046262209,1130675.6405984005
359,118.0,275683.0821575749,1990.0,87.0,IT,Germania,531.0,17.0,1699617.2362654535,1582374.370117758
360,71.0,95617.8038989216,1995.0,38.0,Retail,Italia,986.0,5.0,1135884.8188072236,1128414.0163137845
361,82.0,133761.1539890066,2018.0,77.0,Educatie,Romania,696.0,5.0,605592.519295053,543693.1939905994
362,98.0,458702.8199151453,1996.1912908242607,73.0,IT,Romania,220.0,5.0,1020527.1149363588,1081862.4660296093
363,103.0,138124.8878604215,2016.0,41.0,Financiar,Italia,299.0,1.0,838597.4125311289,873379.4610346984
364,101.0,290999.2166958527,1972.0,72.0,Retail,Franta,915.0,15.0,1139579.5417670738,1472408.2308249632
365,53.0,402691.9291178483,1975.0,68.0,Financiar,Franta,724.0,15.0,1330614.680104582,1298561.3792823548
366,116.0,447473.1206418007,2005.0,46.0,Retail,Italia,198.0,13.0,1013380.6468620964,1011454.1264889359
367,83.0,452342.4361399628,1992.0,59.0,Agricultura,Franta,352.0,6.0,717778.0667927806,735007.6541769167
368,99.0,53095.08299884219,1997.0,45.0,Financiar,Spania,270.0,9.0,708632.9843441723,738512.6515373648
369,132.0,304288.39060374035,2012.0,9.0,Retail,Italia,293.0,9.0,1031967.6412346928,1036984.1830068829
370,90.0,203593.39067752345,2005.0,11.0,Educatie,Germania,520.0,6.0,828823.8361268397,832053.24652177
371,69.0,319353.346947992,2017.0,77.0,Agricultura,Romania,761.0,13.0,614541.3387791968,583601.4313854421
372,120.0,95851.5746297061,1994.0,10.0,Retail,Franta,566.0,9.0,1140244.2282111708,1154017.6955850837
373,100.40596094552927,317853.3797237308,2003.0,85.0,Retail,Romania,324.0,13.0,707912.0278342384,780416.3862084139
374,108.0,204228.91644255823,1996.1912908242607,55.0,Educatie,Germania,360.0,14.0,841824.2173588116,816582.5040167663
375,117.0,275125.3408434922,1993.0,29.0,Educatie,Germania,385.0,2.0,900978.9647314,906882.5140361567
376,97.0,352165.6169002431,1982.0,2.0,IT,Franta,710.0,18.0,1722011.476477737,1648267.9050980397
377,100.40596094552927,422797.40192254586,1990.0,22.0,IT,Germania,360.0,13.0,1533837.272018673,1492330.3179052533
378,112.0,231232.76813607384,2020.0,2.0,IT,Italia,984.0,12.0,1729109.4913224664,1662395.0849731383
379,113.0,201854.42553390304,2000.0,40.0,Agricultura,Italia,513.0,4.0,696410.1242562735,695267.0604706428
380,97.0,355863.7475750054,2008.0,27.0,Agricultura,Franta,88.0,11.0,562569.1487390029,540481.3488485981
381,92.0,225153.7122613048,2017.0,29.0,Retail,Spania,773.0,5.0,1040261.4500924612,1051770.5198499027
382,95.0,221232.96944145253,2020.0,92.0,Agricultura,Germania,782.0,10.188308329022243,902290.4628872134,932934.6321019335
383,132.0,454070.8820496816,1995.0,52.0,Educatie,Franta,324.0,11.0,966461.465999064,1013462.8857255513
384,100.0,227557.5418935157,1970.0,15.0,Retail,Germania,621.0,17.0,1337748.3351905532,1280382.1134545184
385,122.0,368944.5448531194,1974.0,84.0,Agricultura,Germania,503.0,18.0,975488.945117747,1025391.3633821723
386,115.0,484256.9162545123,1970.0,67.0,Retail,Franta,702.0,3.0,1553960.394678519,1498567.6260545584
387,116.0,241754.55707850383,2008.0,90.0,IT,Italia,326.0,15.0,1194979.1013706536,1246512.9074621648
388,77.0,59860.997948754026,1989.0,2.0,Retail,Spania,224.0,11.0,554308.2586461776,553558.6641843107
389,102.0,270572.452888099,2004.0,45.0,IT,Spania,412.0,4.0,1212635.8191015262,1181494.726013814
390,69.0,176150.63864813562,2007.0,72.0,Retail,Franta,309.0,11.0,808792.2896576746,798695.0580161395
391,79.0,313503.67795698583,1971.0,13.0,Financiar,Franta,533.8480947476828,8.0,1136950.607873653,1218890.7402739958
392,110.0,408506.6287361176,1976.0,20.0,Financiar,Franta,346.0,9.0,1293278.1012820194,1277425.9500018414
393,103.0,200132.77812658955,1981.0,94.0,Financiar,Romania,938.0,2.0,1201286.3057822832,1226464.4754929126
394,86.0,141184.68536090443,1979.0,45.0,Retail,Italia,840.0,5.0,1151412.973459851,1141224.5972867552
395,128.0,417638.25827232655,1998.0,41.0,IT,Franta,557.0,13.0,1777072.3018155184,1683503.6095614699
396,84.0,420630.6248370381,1974.0,86.0,Agricultura,Germania,817.0,6.0,1039153.1499087414,1096661.5296730008
397,134.0,309641.72558795684,2000.0,54.0,Educatie,Romania,998.0,2.0,974538.7765145804,1104296.4089388065
398,98.0,373249.0289174018,2004.0,82.0,IT,Franta,419.0,7.0,1400342.8031944667,1412843.238445757
399,100.0,314413.64199923084,2020.0,83.0,Educatie,Spania,692.0,14.0,813984.7527896193,832192.1198664093
400,99.0,88296.56875390341,2009.0,27.0,IT,Romania,939.0,2.0,1242972.426565427,1314371.394300675
401,84.0,478143.4146628245,2023.0,96.0,Agricultura,Italia,849.0,17.0,897188.8390381559,971349.898586391
402,121.0,171280.3380315227,1986.0,1.0,Financiar,Spania,680.0,13.0,1202115.4416925388,1214038.3014960391
403,78.0,237098.79658549489,2021.0,73.0,Agricultura,Spania,164.0,17.0,400883.47049761785,246317.0791165228
404,141.0,476190.8001988336,2006.0,66.0,IT,Italia,760.0,14.0,1933371.72017895,1806462.0572635322
405,108.0,208048.7243069514,1988.0,75.0,Educatie,Italia,372.0,16.0,720386.3111257538,699666.4754748743
406,96.0,56237.961160787054,1998.0,52.0,Financiar,Italia,611.0,2.0,1014965.6097054138,1025606.9978351423
407,91.0,485080.4749096784,2016.0,28.0,IT,Germania,405.0,2.0,1530984.4986551623,1474178.943944769
408,99.0,191243.9735251117,1998.0,60.0,IT,Italia,314.0,15.0,1064919.5761726007,1150457.2397394255
409,92.0,103419.09297910015,2018.0,14.0,IT,Spania,789.0,12.0,1222995.7517077578,1284088.7046985696
410,116.0,384296.6721505725,2009.0,32.0,Agricultura,Romania,551.0,14.0,676518.6688602291,696744.1488109764
411,105.0,259839.3902630765,1988.0,65.0,Retail,Franta,253.0,5.0,1036679.2847722996,981882.7400752716
412,114.0,402561.3020221705,1995.0,41.0,Agricultura,Italia,592.0,12.0,846029.4249706418,905591.101038117
413,117.0,240500.81486893888,1973.0,50.11865284974093,Agricultura,Germania,533.8480947476828,16.0,848680.4563266059,942513.7467464425
414,130.0,191006.5629133144,2011.0,71.0,Agricultura,Germania,763.0,14.0,1002403.675231456,1065651.889805167
415,130.0,440784.2857761203,2018.0,62.0,Retail,Romania,574.0,15.0,1379088.2143320902,1142696.4630357048
416,115.0,122752.14630663286,2022.0,21.0,IT,Italia,159.0,4.0,887176.9316759695,1022888.2639610814
417,92.0,110222.76334986193,1990.0,8.0,IT,Franta,483.0,19.0,1221892.1942661153,1302288.4816403552
418,101.0,310234.2797391623,2017.0,80.0,IT,Franta,947.0,10.188308329022243,1840053.422745684,1731953.179194917
419,106.0,319757.5128464225,2002.0,28.0,Retail,Germania,402.0,3.0,1015025.409249424,1153097.7747634833
420,136.0,96155.5831626154,1995.0,83.0,Financiar,Italia,341.0,3.0,1028941.3548668402,1036173.9350972865
421,101.0,199204.1145802372,1996.1912908242607,11.0,IT,Italia,50.0,19.0,838083.7031222134,998780.3319668965
422,103.0,188810.72667026785,2020.0,65.0,Educatie,Franta,875.0,4.0,994389.2751021069,1047338.1555205125
423,106.0,464344.9738085108,1998.0,39.0,Retail,Spania,81.0,5.0,821927.6827136171,820521.7889573944
424,86.0,238165.15467325985,1996.1912908242607,75.0,Agricultura,Germania,533.8480947476828,17.0,931932.4866170256,780723.1710038625
425,138.0,421669.53884750727,2000.0,83.0,Retail,Germania,628.0,18.0,1649482.412631906,1527297.4575226866
426,100.0,270572.452888099,2020.0,47.0,Retail,Franta,458.0,7.0,1014043.7387415796,1072450.9000867708
427,104.0,459772.5727464898,1983.0,85.0,Retail,Italia,713.0,16.0,1032897.1892831044,1348660.8696522815
428,117.0,114835.4537059398,2009.0,73.0,Retail,Italia,78.0,8.0,678841.5266682766,696170.0684959642
429,81.0,68861.84752231589,2011.0,45.0,Educatie,Franta,256.0,13.0,505944.1808005548,481976.0703161233
430,80.0,222959.7673358607,2022.0,7.0,Financiar,Italia,885.0,10.0,1258888.6185219714,1244169.3039478015
431,129.0,484386.2256336799,2016.0,65.0,Agricultura,Romania,309.0,17.0,647754.490253472,644124.9697967703
432,116.0,64696.577353023145,2014.0,26.0,Financiar,Spania,657.0,13.0,1047973.0528074116,1067727.6466880168
433,101.0,284652.060875096,1990.0,50.11865284974093,Retail,Franta,644.0,1.0,1253188.6074825746,1241349.6546818032
434,162.0,178531.6948530094,2001.0,46.0,IT,Italia,533.8480947476828,7.0,1619578.5253677084,1539606.060779648
435,122.0,414572.4904818661,2021.0,6.0,Retail,Germania,919.0,10.0,1758600.8920047672,1624646.4808867257
436,132.0,387846.3421449751,1996.0,50.11865284974093,Educatie,Germania,390.0,3.0,1029323.1955513342,1042848.6972096381
437,100.40596094552927,184722.5181674068,1981.0,4.0,Financiar,Italia,620.0,13.0,1072283.564170577,1180454.1204954851
438,97.0,281234.5088930455,1999.0,70.0,IT,Italia,452.0,2.0,1234111.058003741,1273289.649332997
439,96.0,496383.2362573895,1974.0,32.0,Agricultura,Franta,758.0,18.0,1023559.2828538428,1140289.0468715695
440,100.40596094552927,295893.6422350313,1979.0,88.0,Retail,Germania,260.0,11.0,1227990.6594774262,1051488.0565006803
441,104.0,214556.3367176171,1972.0,51.0,Retail,Romania,367.0,4.0,791733.8020305703,785752.8578462044
442,105.0,151735.5819547532,1981.0,36.0,Retail,Romania,308.0,14.0,723441.3491728519,713864.7738081778
443,148.0,185470.73502544087,2016.0,15.0,Educatie,Franta,812.0,1.0,1114700.379989883,1196198.3787109198
444,103.0,180247.7847287696,1979.0,76.0,Financiar,Italia,994.0,8.0,1482193.2720884404,1428997.8006014598
445,104.0,379730.0636537743,2006.0,34.0,Financiar,Franta,548.0,16.0,1370361.9037874397,1341850.2197234589
446,130.0,154627.69649352404,1985.0,57.0,Agricultura,Romania,619.0,8.0,659851.0785974097,666721.6779530833
447,117.0,424563.5928474477,1989.0,81.0,IT,Italia,533.8480947476828,10.188308329022243,1739307.233562703,1531909.0236871531
448,74.0,201742.95900458845,1983.0,15.0,Educatie,Spania,327.0,7.0,530017.7647072714,444971.2479376297
449,85.0,244055.24140620104,2002.0,46.0,Retail,Franta,430.0,15.0,982843.0882968368,1008857.2206436903
450,126.0,231930.3862646911,1983.0,70.0,IT,Spania,274.0,6.0,1120292.5686683704,1188448.906105869
451,107.0,270572.452888099,1978.0,32.0,IT,Romania,576.0,9.0,1198356.943221924,1271413.2562839515
452,112.0,206969.2402862657,1978.0,51.0,Agricultura,Romania,73.0,14.0,429587.6961145064,273452.4473094833
453,106.0,270572.452888099,2003.0,51.0,IT,Italia,738.0,4.0,1375616.145195057,1499013.938672529
454,91.0,60802.27018019999,2022.0,88.0,Financiar,Italia,120.0,10.0,587185.770740556,650442.4395447641
455,118.0,129603.62787079276,1994.0,27.0,Educatie,Italia,464.0,17.0,754705.959050228,751702.9333792543
456,88.0,234235.43231765824,1992.0,50.11865284974093,Financiar,Spania,478.0,6.0,942538.3341071258,956121.3691980622
457,111.0,68128.4834500993,1972.0,88.0,Retail,Italia,648.0,10.188308329022243,1084412.5080840716,1077472.5414040918
458,110.0,148421.25000794264,1973.0,50.11865284974093,IT,Spania,347.0,2.0,1042322.5312565528,1125038.7739681455
459,104.0,238250.23884602607,2013.0,41.0,Educatie,Germania,563.0,3.0,916807.6504729964,924075.9773539975
460,75.0,123214.88471385466,2018.0,61.0,Educatie,Franta,53.0,19.0,396755.707557605,353201.45484273275
461,117.0,216923.45367099435,1970.0,91.0,Financiar,Spania,254.0,17.0,941600.2693747611,952793.7287231218
462,74.0,141562.7341239181,1982.0,73.0,Financiar,Romania,758.0,16.0,950015.7771805468,967220.869509331
463,86.0,420071.54503340943,1990.0,52.0,Retail,Romania,772.0,17.0,1087242.9270200457,1120825.7293329926
464,98.0,277158.01923703763,1992.0,50.11865284974093,IT,Romania,783.0,3.0,1290118.5144277783,1349933.8198736007
465,71.0,210663.2047865055,1990.0,4.0,Financiar,Germania,523.0,17.0,1149933.51635572,1142627.6902210675
466,95.0,76030.00225122226,2006.0,96.0,IT,Italia,790.0,9.0,1342827.0020261,1357547.2066067988
467,88.0,73395.20838996838,2009.0,87.0,Financiar,Germania,118.0,8.0,498806.8854534795,797301.6582000558
468,75.0,306292.9008051966,1994.0,54.0,IT,Romania,195.0,13.0,779469.6756038974,885282.0555821059
469,137.0,230849.2399508285,2018.0,28.0,Agricultura,Germania,814.0,11.0,1065595.574372464,1147826.4975230508
470,113.0,228449.15689548344,1984.0,39.0,Retail,Spania,171.0,13.0,847596.1471802706,784393.3352031142
471,94.0,170984.08147198707,2014.0,10.0,Retail,Spania,368.0,3.0,746449.4937715116,751045.432676859
472,117.0,336368.42669001844,1971.0,29.0,Educatie,Franta,964.0,15.0,1252115.529613661,1348732.3745743185
473,78.0,207868.59920075705,1996.0,2.0,Financiar,Germania,245.0,15.0,918070.4252726889,969867.201394716
474,124.0,312408.59859481256,2011.0,69.0,Financiar,Romania,160.0,19.0,833565.5890866283,849574.0403767317
475,87.0,175033.74924037053,2002.0,5.0,Agricultura,Franta,243.0,10.0,523137.5496049927,493020.60166259157
476,114.0,97405.46801659992,2010.0,79.0,IT,Germania,869.0,8.0,1781225.7414174294,1638909.6791072562
477,85.0,490336.46077511326,1970.0,51.0,Retail,Spania,888.0,5.0,1325502.0641115748,1334780.0607419172
478,100.0,152904.55082162394,2003.0,62.0,Educatie,Spania,777.0,12.0,790962.752656704,803870.3934845147
479,87.0,153497.18928345822,2000.0,94.0,Agricultura,Romania,374.0,9.0,446998.8757133833,297704.4436742889
480,100.0,427615.9736318386,1983.0,28.0,Agricultura,Spania,166.0,2.0,563911.028398009,496821.63835508283
481,111.0,392072.4184055716,1974.0,75.0,Financiar,Germania,390.0,11.0,1430585.90074907,1341439.6105726482
482,74.0,491530.02654303255,1971.0,50.11865284974093,Educatie,Germania,313.0,3.0,858393.9167221105,849806.269133111
483,125.0,205403.87851019952,2004.0,18.0,Educatie,Spania,144.0,5.0,569944.9198625488,504678.91821848694
484,105.0,150204.23560538824,1988.0,58.0,Agricultura,Germania,360.0,10.0,691154.3719390173,684447.9214719217
485,99.0,84561.37174148968,2013.0,69.0,Educatie,Germania,306.0,6.0,642953.6641971385,626967.869791361
486,122.0,58155.81847057838,2009.0,50.0,Retail,Romania,458.0,3.0,771693.491082347,769955.1656223114
487,95.0,66208.46823114187,1987.0,50.11865284974093,Agricultura,Romania,382.0,2.0,439283.3872924568,289541.7042044052
488,100.40596094552927,427169.7387448892,2013.0,31.0,Retail,Germania,768.0,3.0,1472662.580545707,1436365.2536691935
489,88.0,226937.840462565,2016.0,53.0,Agricultura,Romania,329.0,14.0,451975.136185026,312546.84759394545
490,94.0,90444.5832812723,1989.0,67.0,Financiar,Germania,551.0,13.0,1186134.570785958,1164644.5114860786
491,127.0,380499.76943401614,1990.0,88.0,Agricultura,Spania,472.0,3.0,743819.8985509672,771608.1183984249
492,126.0,319711.8762689745,1981.0,84.0,Agricultura,Franta,92.0,1.0,654010.1756598668,651662.7387002294
493,98.0,381440.8527506567,1986.0,67.0,Agricultura,Spania,283.0,18.0,601233.975210289,553778.910970805
494,80.0,245062.50474003548,1976.0,7.0,Educatie,Franta,187.0,16.0,609606.5652729209,602161.5214925113
495,85.0,53763.6568445857,1980.0,4.0,Educatie,Spania,240.0,14.0,456273.01013807,349107.29580388614
496,89.0,429895.5463787644,1998.0,31.0,Retail,Germania,105.0,1.0,944912.258958162,954764.2264835988
497,102.0,378041.4777451174,1991.0,3.0,Agricultura,Spania,692.0,13.0,781458.2502078518,840790.9335671319
498,96.0,296992.7606941699,1992.0,17.0,IT,Germania,533.8480947476828,7.0,1599142.3987288782,1497488.4172916394
499,111.0,293407.2517271364,1995.0,49.0,Financiar,Italia,277.0,9.0,1025237.6563471664,1033329.1738687912
500,119.0,442360.8775762275,2007.0,50.11865284974093,IT,Italia,236.0,9.0,1301724.7898186047,1328049.2625387562
501,107.0,489653.1294975246,2019.0,11.0,Educatie,Spania,505.0,16.0,831923.2991012747,863864.4977049225
502,79.0,312435.8619246939,2002.0,57.0,IT,Franta,849.0,13.0,1664749.9653765766,1601430.849939019
503,84.0,122101.52043942784,1970.0,48.0,Financiar,Germania,61.0,13.0,749022.3835998793,836684.801180234
504,132.0,55803.86140528645,1996.1912908242607,13.0,IT,Germania,720.0,5.0,1749094.0544755503,1605792.84114354
505,101.0,209674.3349944232,1972.0,29.0,Financiar,Germania,573.0,3.0,1365613.644844925,1298992.3507892473
506,92.0,212213.52731369925,2013.0,55.0,Retail,Germania,75.0,1.0,726779.3629435073,779784.5823710687
507,78.0,386349.9829685123,2019.0,43.0,Educatie,Spania,50.0,10.0,463493.2415694136,350850.3310394143
508,106.0,401095.6918410351,1981.0,27.0,Agricultura,Romania,753.0,4.0,754438.2767364141,824781.6165333439
509,50.0,176727.21894753427,2020.0,53.0,Agricultura,Germania,635.0,9.0,638247.2426106192,618765.8014652694
510,82.0,431177.3721427548,1970.0,6.0,Financiar,Italia,885.0,13.0,1516458.3502713488,1462282.7281548632
511,88.0,226606.183803266,2012.0,96.0,Retail,Romania,212.0,15.0,613563.7102819596,581941.3059171189
512,141.0,325981.2581993206,1979.0,2.0,Educatie,Spania,948.0,14.0,1108790.722808664,1247588.5560845984
513,115.0,117162.26138366324,2019.0,88.0,Educatie,Italia,227.0,17.0,583287.6211471782,529823.1890692466
514,88.0,191913.6844697529,2006.0,4.0,Financiar,Franta,62.0,10.188308329022243,708037.0633769411,813621.3705439407
515,106.0,327697.67499289534,2002.0,72.0,Retail,Spania,459.0,19.0,994420.4654953108,999873.7961670596
516,89.0,430192.10648985306,2013.0,29.0,Agricultura,Spania,365.0,16.0,609484.5268555355,571789.2297577241
517,123.0,466787.3307943019,2008.0,12.0,Educatie,Germania,66.0,13.0,838396.0184004101,842070.7038942354
518,124.0,86719.42400217726,1971.0,95.0,Agricultura,Italia,230.0,16.0,576345.3235210452,520414.3130339368
519,90.0,212631.70058023385,1999.0,5.0,Agricultura,Spania,811.0,17.0,725837.948255303,757644.606123778
520,123.0,85676.12808403629,2005.0,72.0,Agricultura,Spania,727.0,10.0,708697.4963569761,726343.5839449514
521,109.0,270572.452888099,1989.0,58.0,Financiar,Italia,951.0,13.0,1473668.7478797906,1482048.941992039
522,110.0,270572.452888099,1993.0,33.0,Educatie,Spania,145.0,1.0,566853.4449253265,492214.8519422121
523,65.0,359884.233188544,1996.1912908242607,98.0,IT,Germania,700.0,6.0,1625278.4448479712,1506512.408394441
524,65.0,132548.98838154553,2005.0,45.0,Retail,Franta,356.0,6.0,725828.2109376055,783191.6364916861
525,95.0,388286.1465781282,1986.0,63.0,Financiar,Romania,684.0,4.0,1123385.9952757834,1145822.1043910293
526,101.0,56799.80789651377,2010.0,91.0,Financiar,Romania,290.0,16.0,659619.875132734,666181.985713558
527,119.0,143184.11414488486,2008.0,17.0,Financiar,Romania,145.0,10.0,686519.6741941753,702201.5844558533
528,109.0,196380.7782627865,2019.0,50.0,Agricultura,Franta,171.0,10.188308329022243,542558.004696649,522703.3973682162
529,116.0,305588.43379223626,2021.0,85.0,Retail,Italia,752.0,14.0,1288503.67233041,1270947.0616115246
530,109.0,113550.59451791726,2023.0,33.0,Educatie,Italia,942.0,13.0,939357.3210396754,985371.7621722908
531,104.0,496189.74912232393,1973.0,84.0,Educatie,Spania,711.0,15.0,972768.9258155504,1044233.0013751152
532,88.0,82805.82591555658,2016.0,85.0,Financiar,Italia,933.0,1.0,1219768.544214134,1200815.8063951794
533,135.0,114278.88416644934,1993.0,99.0,Educatie,Franta,885.0,5.0,1101718.1472373728,1169587.554555763
534,107.0,316921.1985677607,2003.0,41.0,Retail,Franta,772.0,10.0,1050028.90116214,1373634.3290981022
535,108.0,460868.6601004352,2005.0,15.0,Agricultura,Germania,305.0,13.0,828726.4496562436,854522.0505688244
536,105.0,182009.03964845443,1981.0,44.0,Retail,Italia,759.0,14.0,1214646.508546887,1203889.3144841017
537,125.0,353653.83597533475,1992.0,60.0,IT,Italia,317.0,10.188308329022243,1370388.452377801,1368993.0187802762
538,95.0,208831.32655356047,2010.0,27.0,Retail,Romania,517.0,12.0,809898.7959321361,813665.0431002725
539,118.0,243353.0135098165,2006.0,15.0,Financiar,Franta,811.0,2.0,1524678.2964157949,1469205.0384844237
540,77.0,116133.21931469436,2000.0,84.0,IT,Romania,672.0,13.0,994599.9144860208,1080821.4563203433
541,85.0,172234.93157346634,1999.0,29.0,Financiar,Italia,603.0,1.0,1044603.2466273038,1051583.8236698997
542,86.0,175389.37840176636,1997.0,69.0,IT,Italia,947.0,14.0,1550150.4405615896,1515889.319259853
543,108.0,226442.1096070577,2017.0,27.0,Financiar,Italia,931.0,9.0,1434764.845493505,1396752.1369770742
544,136.0,346777.6917430972,1984.0,2.0,Financiar,Germania,432.0,2.0,1529507.6994862184,1426319.8441109934
545,88.0,87231.57602818546,1982.0,18.0,Retail,Germania,353.0,6.0,895634.5238636758,921481.9740070791
546,106.0,419624.7633053124,1989.0,85.0,Financiar,Spania,478.0,16.0,1170901.7057632986,1169511.8135276919
547,133.0,282327.48463895335,2016.0,19.0,Financiar,Franta,318.0,10.0,1213696.7245199156,1220723.2527065529
548,102.0,112994.31952479327,2009.0,48.0,IT,Italia,752.0,8.0,1372494.887572314,1385987.9196795449
549,101.0,133006.57297694753,2009.0,82.0,Educatie,Spania,473.0,16.0,631623.2536235891,583634.2762888228
550,79.0,270572.452888099,2007.0,50.0,Retail,Spania,61.0,17.0,692908.603856381,571368.9034145994
551,93.0,411781.32839863416,2021.0,86.0,Retail,Spania,505.0,9.0,1238144.5959288734,991449.9096150079
552,80.0,335463.6599922592,1999.0,93.0,Educatie,Spania,141.0,10.0,509089.5116961684,406649.96102222614
553,101.0,392259.039104877,2005.0,50.11865284974093,Retail,Romania,396.0,8.0,1087694.2793286578,875489.7163578572
554,91.0,255964.8223216823,1994.0,91.0,Educatie,Spania,430.0,12.0,652392.5870492328,606309.2287403676
555,72.0,454273.9099628157,1996.1912908242607,12.0,Agricultura,Spania,413.0,10.0,620960.520383639,563990.45008828
556,94.0,473226.7787957312,1997.0,99.0,Retail,Italia,275.0,13.0,1003843.2807329264,993087.2570742366
557,100.40596094552927,77918.63763044943,1978.0,95.0,Retail,Franta,964.0,12.0,1461656.5373517503,1346322.0484933495
558,103.0,237426.9943567456,1977.0,45.0,Agricultura,Franta,908.0,7.0,974182.0370655076,1076745.0794710298
559,84.0,224926.85654444603,1975.0,68.0,Retail,Romania,114.0,16.0,584956.1139266676,549677.2032461681
560,96.0,367049.4926123504,1985.0,16.0,Financiar,Germania,719.0,6.0,1596185.0382772388,1472131.5001248466
561,80.0,307455.3336749928,2005.0,64.0,IT,Franta,229.0,6.0,1041743.950333118,1164003.4978063866
562,89.0,314121.4279515082,2002.0,31.0,Financiar,Franta,368.0,3.0,1071562.6066190246,1098237.853236613
563,109.0,149050.0966571389,1975.0,44.0,Retail,Germania,622.0,6.0,1291122.0811919966,1239125.830542609
564,104.0,97426.94814851234,1984.0,92.0,Financiar,Germania,824.0,13.0,1504618.522815146,1400294.4669783567
565,112.0,63708.65883903205,1987.0,33.0,Educatie,Romania,143.0,12.0,440418.8964775644,301006.724713373
566,69.0,306629.1224291257,2019.0,98.0,Educatie,Germania,536.0,6.0,806796.3471303493,795351.7918085586
567,82.0,222259.44399637447,2003.0,24.0,IT,Romania,398.0,3.0,871694.5829972809,973541.4415797412
568,70.0,197704.8975552528,1985.0,16.0,IT,Germania,957.0,13.0,1764740.1424330154,1630048.635606262
569,99.0,405019.6122992032,1975.0,90.0,Financiar,Italia,516.0,11.0,1276875.2975933785,1244114.5892839022
570,119.0,413782.5825021609,1997.0,31.0,Agricultura,Spania,57.0,9.0,553864.3363009508,485079.1146541126
571,112.0,264807.6791550806,1976.0,25.0,Retail,Italia,434.0,14.0,1077701.528991658,1075341.6937006528
572,102.0,481153.1040137452,2005.0,97.0,IT,Franta,283.0,3.0,1386599.2764134018,1399205.8316406147
573,125.0,212483.6268534668,2007.0,23.0,Financiar,Spania,888.0,14.0,1368855.7932002288,1371896.2662441072
574,80.0,334526.9691369379,1976.0,78.0,IT,Germania,765.0,3.0,1767703.3175937843,1620007.5545306066
575,90.0,300553.2099176845,1996.1912908242607,95.0,Agricultura,Spania,861.0,15.0,774203.4123637814,839470.882053904
576,88.0,345540.2285635507,2003.0,42.0,Retail,Franta,533.8480947476828,4.0,1103341.3782795696,1141742.6238389658
577,88.0,97004.53314506813,1977.0,17.0,Retail,Franta,329.0,19.0,848643.5358531532,896427.1748682526
578,116.0,299629.3114770594,1979.0,31.0,Agricultura,Romania,249.0,19.0,549851.7245908239,480767.5175696404
579,108.0,326939.35091937595,1987.0,71.0,IT,Romania,107.0,8.0,880454.5131895319,975447.4879427038
580,97.0,352891.45891004766,2019.0,78.0,Agricultura,Germania,168.0,13.0,638899.2169896266,617726.5327799218
581,120.0,234854.9644998253,1996.1912908242607,84.0,Financiar,Italia,837.0,1.0,1481886.8723098638,1395216.4758493619
582,64.0,119254.95711219816,2013.0,81.0,IT,Germania,612.0,4.0,1204617.704967808,1259758.724557391
583,121.0,128849.7974476223,1996.0,47.0,IT,Italia,176.0,17.0,1010564.81770286,1113754.567435157
584,103.0,200875.57253523308,2023.0,3.0,Retail,Franta,741.0,7.0,1333304.8587922722,1233141.5597985392
585,112.0,257772.2647159036,1994.0,12.0,IT,Romania,512.0,10.0,1142829.1985369276,1223704.6192246103
586,130.0,300668.23097376584,1986.0,92.0,Agricultura,Romania,606.0,14.0,717067.2923895064,758758.4339956066
587,151.0,178043.6235546202,1987.0,3.0,Agricultura,Franta,535.0,8.0,889742.6842484026,976832.0762562011
588,95.0,67518.48349655035,1973.0,8.0,Educatie,Spania,104.0,9.0,427441.6493307924,307827.68525132956
589,101.0,295959.7139145327,2001.0,8.0,Educatie,Romania,922.0,15.0,855881.8712615398,930729.3249770405
590,94.0,357941.41201640514,2022.0,81.0,Retail,Romania,237.0,6.0,706164.8472098431,686429.1149593687
591,104.0,226336.7179346117,1995.0,29.0,Educatie,Spania,216.0,4.0,561496.6753776328,488820.32149667013
592,93.0,362728.9037043715,1995.0,58.0,Agricultura,Italia,870.0,6.0,894109.8737780984,969680.9662528192
593,87.0,131532.47557253728,1991.0,49.0,Educatie,Romania,164.0,10.0,407489.6140076418,246144.55251748348
594,70.0,339780.4607514261,1980.0,93.0,Retail,Romania,150.0,13.0,461601.2073381418,578175.8686288672
595,110.0,354894.0203565289,1999.0,29.0,Agricultura,Romania,947.0,13.0,815957.6081426116,933735.8023430982
596,95.0,296665.3412276099,1997.0,7.0,Financiar,Franta,92.0,14.0,881052.2133373305,949993.1920665661
597,57.0,273307.64985536627,2005.0,13.0,Educatie,Franta,165.0,14.0,496259.9751653893,469291.7171926445
598,69.0,364837.8063299548,1999.0,79.0,Retail,Franta,229.0,10.0,842273.4889373648,877511.8534736685
599,113.0,88054.42014375704,2011.0,87.0,Financiar,Italia,135.0,18.0,752742.4477121305,797053.036492914
